{
  "A0": { "4":0.182349, "5":0.164738, "6":0.166598, "7":0.218179, "8":0.16598, "9":0.152581, "10":0.172625},
  "A1": { "4":1.0414, "5":0.895628, "6":0.668428, "7":-0.413563, "8":0.275626, "9":0.214674, "10":-0.302906},
  "A2": { "4":3.1112, "5":3.7141, "6":4.1743, "7":9.7829, "8":5.4886, "9":5.546, "10":7.9817},
  "A3": { "4":-5.985, "5":-7.748, "6":-8.0499, "7":-20.728, "8":-11.4778, "9":-11.8819, "10":-17.1705},
  "A4": { "4":1.946, "5":3.6138, "6":3.3046, "7":13.3733, "8":6.6447, "9":7.4022, "10":11.3668}
} 
