{
  "A0": { "Mn":1.0027, "Si":0.993901, "Ni":0.994214, "Mo":1.0024, "Cr":1.0244, "Mo-Ni":0.880514},
  "A1": { "Mn":0.518049, "Si":0.221664, "Ni":0.360923, "Mo":1.3045, "Cr":-0.06548, "Mo-Ni":2.3511},
  "A2": { "Mn":2.5731, "Si":-0.70392, "Ni":-0.020137, "Mo":0.519731, "Cr":3.1166, "Mo-Ni":1.1987},
  "A3": { "Mn":-2.0617, "Si":0.776997, "Ni":-0.023915, "Mo":0.664567, "Cr":-3.3498, "Mo-Ni":-0.434496},
  "A4": { "Mn":0.641706, "Si":-0.202372, "Ni":0.013196, "Mo":-0.483256, "Cr":1.3771, "Mo-Ni":-0.142891}
}