{
  "A0": { "1":-0.188611, "2":-0.366127, "3":-0.307373, "4":-0.134639, "5":-0.113209, "6":-0.113954, "7":-0.171847, "8":-0.06048, "9":-0.106628, "10":-0.176748, "11":-0.183642, "12":-0.204003},
  "A1": { "1":4.8987, "2":6.5379, "3":5.5989, "4":3.5978, "5":3.3554, "6":3.2156, "7":3.7314, "8":2.4155, "9":2.7541, "10":3.2604, "11":3.2656, "12":3.5017},
  "A2": { "1":-6.8771, "2":-13.5778, "3":-10.3031, "4":-3.2962, "5":-3.4707, "6":-3.4503, "7":-5.63, "8":-1.3564, "9":-2.9446, "10":-5.0266, "11":-5.505, "12":-7.1764},
  "A3": { "1":5.0865, "2":15.8441, "3":10.2478, "4":-0.592356, "5":0.679147, "6":0.763284, "7":3.7949, "8":-2.0922, "9":0.465998, "10":3.7768, "11":4.6888, "12":8.0071},
  "A4": { "1":-1.9059, "2":-7.9772, "3":-4.4277, "4":1.6279, "5":0.532272, "6":0.574765, "7":-0.792434, "8":2.0619, "9":0.663433, "10":-1.1883, "11":-1.649, "12":-3.7225}
} 
